Puts,Root,Strike,Last,Net,Bid,Size,Ask,Size,Vol,Open Int
12/21/18,GASL,1,,,,0,0.55,166,0,0
12/21/18,GASL,2,,,,0,0.55,173,0,0
12/21/18,GASL,3,,,,0,0.55,198,0,0
12/21/18,GASL,4,,,,0,0.55,198,0,0
12/21/18,GASL,5,,,,0,0.75,241,0,0
12/21/18,GASL,6,,,0.05,36,0.15,18,0,0
12/21/18,GASL,7,,,0.15,32,0.25,25,0,0
12/21/18,GASL,8,,,0.35,50,0.45,21,0,0
12/21/18,GASL,9,,,0.65,34,0.8,62,0,0
1/18/19,GASL,2,,,,0,4.9,40,0,0
1/18/19,GASL,3,,,,0,4.9,41,0,0
1/18/19,GASL,4,,,,0,4.9,53,0,0
1/18/19,GASL,5,,,,0,4.9,74,0,0
1/18/19,GASL,6,,,,0,4.9,108,0,0
1/18/19,GASL,7,0.3,,,0,4.9,97,0,3
1/18/19,GASL,8,,,,0,4.9,102,0,0
1/18/19,GASL,9,1.08,,1,21,1.2,33,1,0
2/15/19,GASL,2,,,,0,0.55,105,0,0
2/15/19,GASL,3,,,,0,0.75,104,0,0
2/15/19,GASL,4,,,,0,0.75,151,0,0
2/15/19,GASL,5,,,0.15,21,0.35,22,0,0
2/15/19,GASL,6,,,0.3,22,0.45,22,0,0
2/15/19,GASL,7,,,0.55,22,0.7,20,0,0
2/15/19,GASL,8,1,,0.9,21,1.05,30,0,10
2/15/19,GASL,9,1.4,,1.3,21,1.4,2,0,10
3/15/19,GASL,3,,,,0,4.9,62,0,0
3/15/19,GASL,4,,,,0,4.9,80,0,0
3/15/19,GASL,5,,,,0,4.9,81,0,0
3/15/19,GASL,6,,,,0,4.9,83,0,0
3/15/19,GASL,7,,,,0,4.9,79,0,0
3/15/19,GASL,8,2.35,,,0,4.9,191,0,6
3/15/19,GASL,9,,,0.1,119,4.9,76,0,0
12/7/18,OIH,5,,,,0,0.25,84,0,0
12/7/18,OIH,10,,,,0,0.03,61,0,0
12/7/18,OIH,13.5,,,,0,0.03,61,0,0
12/7/18,OIH,14.5,,,,0,0.03,47,0,0
12/7/18,OIH,15,,,,0,0.03,117,0,0
12/7/18,OIH,15.5,,,,0,0.03,26,0,0
12/7/18,OIH,16,0.05,,0.02,87,0.05,21,0,1
12/7/18,OIH,16.5,0.08,0.04,0.07,22,0.08,21,100,132
12/7/18,OIH,17,0.15,0.07,0.14,74,0.16,87,8,31
12/7/18,OIH,17.5,0.29,0.14,0.27,89,0.29,32,493,248
12/7/18,OIH,18,0.5,0.21,0.46,73,0.48,11,586,105
12/14/18,OIH,5,,,,0,0.02,102,0,0
12/14/18,OIH,10,,,,0,0.02,62,0,0
12/14/18,OIH,13.5,,,,0,0.03,604,0,0
12/14/18,OIH,14,0.01,,,0,0.03,99,0,1
12/14/18,OIH,14.5,0.01,,,0,0.03,31,0,1
12/14/18,OIH,15,,,,0,0.04,21,0,0
12/14/18,OIH,15.5,0.03,,0.03,962,0.06,61,0,5
12/14/18,OIH,16,,,0.07,23,0.1,454,0,0
12/14/18,OIH,16.5,0.14,0.03,0.12,1794,0.17,786,1,1
12/14/18,OIH,17,0.25,,0.23,1674,0.25,198,0,8
12/14/18,OIH,17.5,0.39,0.04,0.37,231,0.41,764,44,29
12/14/18,OIH,18,0.56,0.15,0.57,61,0.61,703,6,54
12/21/18,OIH,10,,,,0,0.02,119,0,0
12/21/18,OIH,12,0.01,,,0,0.02,40,0,2
12/21/18,OIH,13,0.01,,,0,0.03,717,1,2
12/21/18,OIH,13.5,,,,0,0.03,776,0,0
12/21/18,OIH,14,0.03,,,0,0.03,42,1,35
12/21/18,OIH,14.5,0.03,,,0,0.05,31,1,0
12/21/18,OIH,15,0.05,,0.05,1908,0.08,381,15,83
12/21/18,OIH,15.5,0.08,,0.09,1898,0.12,35,0,7
12/21/18,OIH,16,0.17,0.08,0.16,736,0.19,562,33,263
12/21/18,OIH,16.5,0.16,,0.26,1790,0.29,442,0,64
12/21/18,OIH,17,0.44,0.18,0.4,74,0.43,274,32,403
12/21/18,OIH,17.5,0.6,0.21,0.59,101,0.62,143,512,169
12/21/18,OIH,18,0.86,0.25,0.84,260,0.87,232,93,1649
12/28/18,OIH,5,,,,0,0.5,96,0,0
12/28/18,OIH,10,,,,0,0.5,82,0,0
12/28/18,OIH,14,0.04,,,0,0.5,216,0,3
12/28/18,OIH,14.5,,,0.01,41,0.39,150,0,0
12/28/18,OIH,15,0.06,,0.05,38,0.2,268,0,1
12/28/18,OIH,15.5,,,0.11,47,0.22,334,0,0
12/28/18,OIH,16,0.11,,0.19,125,0.23,41,0,11
12/28/18,OIH,16.5,0.24,,0.3,41,0.34,48,0,6
12/28/18,OIH,17,0.33,,0.44,77,0.48,33,0,19
12/28/18,OIH,17.5,0.54,,0.63,46,0.67,29,0,17
12/28/18,OIH,18,0.92,0.27,0.88,151,0.92,147,1,153
1/4/19,OIH,13.5,,,,0,0.5,750,0,0
1/4/19,OIH,14,,,,0,0.5,773,0,0
1/4/19,OIH,14.5,,,0.04,1876,0.16,1464,0,0
1/4/19,OIH,15,,,0.09,55,0.14,814,0,0
1/4/19,OIH,15.5,,,0.15,32,0.18,381,0,0
1/4/19,OIH,16,0.25,,0.23,1648,0.27,339,0,6
1/4/19,OIH,16.5,0.28,,0.34,55,0.38,233,0,8
1/4/19,OIH,17,0.44,,0.49,46,0.53,264,0,11
1/4/19,OIH,17.5,0.73,,0.69,1107,0.74,243,0,7
1/4/19,OIH,18,0.85,,0.93,33,0.99,495,0,24
1/11/19,OIH,13.5,,,,0,0.06,743,0,0
1/11/19,OIH,14,,,0.04,1729,0.08,147,0,0
1/11/19,OIH,14.5,,,0.08,46,0.11,21,0,0
1/11/19,OIH,15,,,0.12,45,0.16,599,0,0
1/11/19,OIH,15.5,,,0.18,719,0.22,38,0,0
1/11/19,OIH,16,,,0.28,32,0.32,488,0,0
1/11/19,OIH,16.5,,,0.4,40,0.44,452,0,0
1/11/19,OIH,17,0.42,,0.56,14,0.6,350,0,2
1/11/19,OIH,17.5,,,0.75,45,0.8,278,0,0
1/11/19,OIH,18,1.04,0.3,1,273,1.04,68,23,2
1/18/19,OIH,10,,,,0,0.02,72,0,0
1/18/19,OIH,11,,,,0,0.03,41,0,0
1/18/19,OIH,12,0.02,,,0,0.04,71,0,6
1/18/19,OIH,13,0.01,,,0,0.04,10,0,15
1/18/19,OIH,14,0.08,0.01,0.07,40,0.1,291,9,704
1/18/19,OIH,15,0.16,0.04,0.15,130,0.19,573,17,362
1/18/19,OIH,16,0.35,0.09,0.32,312,0.36,400,82,785
1/18/19,OIH,17,0.64,0.16,0.61,109,0.66,523,462,20452
1/18/19,OIH,18,1.09,0.24,1.06,97,1.1,56,278,6471
4/18/19,OIH,9,,,,0,0.03,174,0,0
4/18/19,OIH,10,,,,0,0.03,20,0,0
4/18/19,OIH,11,,,,0,0.05,31,0,0
4/18/19,OIH,12,0.05,,0.07,224,0.09,32,0,5
4/18/19,OIH,13,,,0.15,14,0.17,100,0,0
4/18/19,OIH,14,0.22,,0.26,25,0.29,258,0,7
4/18/19,OIH,15,0.46,0.05,0.44,21,0.47,258,10,220
4/18/19,OIH,16,0.72,,0.7,46,0.73,265,0,120
4/18/19,OIH,17,1.1,0.25,1.03,48,1.09,262,17,5066
4/18/19,OIH,18,1.59,0.29,1.49,497,1.55,66,3017,10834
12/18/18,GUSH,9,0.1,-0.02,0.1,42,0.15,2,1,213
12/21/18,GUSH,10,0.2,,0.2,80,0.3,21,8,54
12/21/18,GUSH,11,0.39,0.04,0.3,36,0.45,21,20,30
12/21/18,GUSH,12,0.61,0.21,0.5,37,0.65,21,40,260
12/21/18,GUSH,13,0.9,0.28,0.85,1,0.9,3,65,125
12/21/18,GUSH,14,1.3,0.4,1.1,64,1.3,24,36,240
12/21/18,GUSH,15,1.65,0.35,1.55,33,1.75,29,54,835
1/18/19,GUSH,8,,,0.2,23,0.3,22,0,0
1/18/19,GUSH,9,0.35,,0.3,22,0.4,21,7,0
1/18/19,GUSH,10,0.5,,0.45,36,0.6,21,0,50
1/18/19,GUSH,11,0.74,0.14,0.7,15,0.8,21,6,9
1/18/19,GUSH,12,1.1,0.15,0.95,36,1.1,21,15,15
1/18/19,GUSH,13,1.15,,1.3,26,1.45,21,0,22
1/18/19,GUSH,14,1.76,,1.7,37,1.85,21,0,37
1/18/19,GUSH,15,2.35,0.5,2.15,34,2.35,21,13,173
2/15/19,GUSH,9,0.6,0.1,0.55,73,0.65,23,4,62
2/15/19,GUSH,10,0.82,,0.75,47,0.9,23,0,2
2/15/19,GUSH,11,,,1.05,72,1.2,21,0,0
2/15/19,GUSH,12,1.42,0.12,1.35,45,1.55,21,1,21
2/15/19,GUSH,13,1.77,-0.22,1.75,37,1.9,21,1,168
2/15/19,GUSH,14,,,2.2,29,2.35,26,0,0
2/15/19,GUSH,15,2.75,,2.6,34,2.85,21,0,3
3/15/19,GUSH,5,0.2,,,0,0.35,2,0,2
3/15/19,GUSH,10,1.05,0.1,1,36,1.2,21,3,20
3/15/19,GUSH,15,3,,3,51,3.3,21,0,78
6/21/19,GUSH,5,,,0.05,445,0.85,240,0,0
6/21/19,GUSH,10,1,,1.65,34,1.85,21,0,6
6/21/19,GUSH,15,4.25,0.39,4,37,4.3,21,10,58
1/17/20,GUSH,5,0.6,,0.65,33,0.85,21,0,5
1/17/20,GUSH,10,2.55,,2.55,35,2.8,21,0,39
1/17/20,GUSH,15,4.8,,5.3,21,5.7,22,0,163
1/15/21,GUSH,5,,,1,33,1.3,20,0,0
1/15/21,GUSH,10,3.5,,3.4,21,3.9,21,0,24
1/15/21,GUSH,15,6.1,,6.5,21,7,22,0,71
12/21/18,AMZA,1,,,,0,0.05,10,0,0
12/21/18,AMZA,2,,,,0,0.05,10,0,0
12/21/18,AMZA,3,0.2,,,0,0.05,10,0,2
12/21/18,AMZA,4,,,,0,0.05,10,0,0
12/21/18,AMZA,5,0.05,,,0,0.05,15,0,40
12/21/18,AMZA,6,0.25,,0.05,349,0.25,206,0,167
1/18/19,AMZA,1,,,,0,4.9,9,0,0
1/18/19,AMZA,2,,,,0,4.9,9,0,0
1/18/19,AMZA,3,,,,0,4.9,9,0,0
1/18/19,AMZA,4,,,,0,4.9,9,0,0
1/18/19,AMZA,5,,,,0,4.8,37,0,0
1/18/19,AMZA,6,0.3,,0.1,528,4.5,518,0,51
3/15/19,AMZA,1,,,,0,4.9,9,0,0
3/15/19,AMZA,2,,,,0,4.9,9,0,0
3/15/19,AMZA,3,,,,0,4.9,9,0,0
3/15/19,AMZA,4,,,,0,4.8,37,0,0
3/15/19,AMZA,5,,,,0,4.5,269,0,0
3/15/19,AMZA,6,0.35,,0.05,288,2.5,280,0,21
12/7/18,ERX,15,0.05,,,0,0.2,975,0,12
12/7/18,ERX,16,0.1,,,0,0.45,1321,0,2
12/7/18,ERX,16.5,,,,0,0.45,1793,0,0
12/7/18,ERX,17,,,,0,0.4,1181,0,0
12/7/18,ERX,17.5,0.41,,0.05,20,0.15,618,0,35
12/7/18,ERX,18,0.1,-0.11,0.05,1903,0.15,575,11,21
12/7/18,ERX,19,0.16,-0.54,0.1,5,0.2,23,19,20
12/7/18,ERX,19.5,0.3,-0.04,0.2,12,0.3,526,3,29
12/7/18,ERX,20,0.35,0.09,0.2,137,0.3,1,11,45
12/7/18,ERX,20.5,0.34,-0.31,0.3,819,0.4,479,9,19
12/7/18,ERX,21,0.4,0.01,0.4,20,0.5,546,63,22
12/7/18,ERX,21.5,0.58,-0.42,0.5,1108,0.6,458,9,57
12/7/18,ERX,22,0.7,0.15,0.65,1430,0.75,390,144,47
12/7/18,ERX,22.5,0.87,0.17,0.8,30,0.95,500,23,87
12/7/18,ERX,23,1.05,0.15,1,1814,1.1,20,117,49
12/7/18,ERX,23.5,1.33,0.23,1.15,1195,1.35,372,39,22
12/14/18,ERX,15,,,,0,0.2,2171,0,0
12/14/18,ERX,16,,,,0,0.3,1490,0,0
12/14/18,ERX,16.5,,,0.05,1828,0.15,646,0,0
12/14/18,ERX,17,0.15,,0.1,14,0.2,571,0,2
12/14/18,ERX,17.5,,,0.1,1813,0.2,590,0,0
12/14/18,ERX,18,0.4,,0.15,1796,0.25,550,0,10
12/14/18,ERX,19,0.55,,0.25,1816,0.35,536,0,42
12/14/18,ERX,19.5,1.01,,0.3,1989,0.45,549,0,4
12/14/18,ERX,20,0.55,-0.2,0.4,1285,0.5,505,5,15
12/14/18,ERX,20.5,0.85,,0.5,1737,0.6,531,0,2
12/14/18,ERX,21,1.1,,0.6,1520,0.75,514,0,9
12/14/18,ERX,21.5,0.91,,0.75,1467,0.9,525,0,12
12/14/18,ERX,22,1.55,,0.9,1341,1.05,519,0,12
12/14/18,ERX,22.5,1.3,-0.3,1.05,1699,1.2,368,1,6
12/14/18,ERX,23,1.1,,1.25,1542,1.45,456,0,15
12/14/18,ERX,23.5,,,1.5,1084,1.65,384,0,0
12/21/18,ERX,15,0.1,-0.05,0.05,841,0.15,693,21,118
12/21/18,ERX,16,0.2,,0.1,2020,0.2,645,0,10
12/21/18,ERX,17,,,0.15,1322,0.25,11,0,0
12/21/18,ERX,17.5,0.74,,0.2,1734,0.3,559,0,15
12/21/18,ERX,18,0.55,,0.25,924,0.4,669,0,118
12/21/18,ERX,18.5,0.95,,0.35,1736,0.45,711,0,65
12/21/18,ERX,19,0.7,,0.4,1886,0.5,509,0,284
12/21/18,ERX,19.5,0.9,,0.5,1816,0.6,607,0,5
12/21/18,ERX,20,0.75,,0.6,1794,0.7,535,0,191
12/21/18,ERX,20.5,0.84,,0.7,1860,0.85,569,0,2
12/21/18,ERX,21,2,,0.85,1824,0.95,517,0,241
12/21/18,ERX,21.5,1.55,,0.95,1514,1.1,464,0,2
12/21/18,ERX,22,1.35,,1.15,1642,1.3,523,0,141
12/21/18,ERX,22.5,,,1.3,1551,1.5,532,0,0
12/21/18,ERX,23,1.65,0.21,1.55,1190,1.7,543,6,164
12/21/18,ERX,23.5,1.9,,1.75,1212,1.95,519,18,0
12/28/18,ERX,15,0.25,,,0,0.2,1446,0,40
12/28/18,ERX,16,,,0.1,23,0.2,22,0,0
12/28/18,ERX,16.5,0.24,,0.15,890,0.25,20,10,0
12/28/18,ERX,17,,,0.2,22,0.3,20,0,0
12/28/18,ERX,17.5,,,0.25,24,0.4,1124,0,0
12/28/18,ERX,18,0.35,,0.25,1851,0.45,594,0,1
12/28/18,ERX,18.5,0.55,,0.4,20,0.5,20,0,19
12/28/18,ERX,19,0.8,,0.5,1122,0.6,599,0,6
12/28/18,ERX,20,1.45,,0.65,21,0.8,444,0,2
12/28/18,ERX,21,1.1,0.03,0.95,1780,1.1,523,1,76
12/28/18,ERX,21.5,2.4,,1.1,1525,1.25,571,0,1
12/28/18,ERX,22,,,1.25,983,1.45,538,0,0
12/28/18,ERX,22.5,,,1.4,21,1.65,582,0,0
12/28/18,ERX,23,1.75,-0.8,1.65,30,1.85,387,6,8
12/28/18,ERX,23.5,2.09,,1.9,946,2.1,502,1,0
1/4/19,ERX,15.5,,,0.15,22,0.25,120,0,0
1/4/19,ERX,16,0.25,-0.05,0.2,22,0.3,660,1,22
1/4/19,ERX,16.5,,,0.1,201,0.35,122,0,0
1/4/19,ERX,17,0.5,,0.3,21,0.4,653,0,50
1/4/19,ERX,17.5,,,0.35,22,0.45,138,0,0
1/4/19,ERX,18,,,0.4,28,0.55,550,0,0
1/4/19,ERX,18.5,,,0.5,22,0.6,21,0,0
1/4/19,ERX,19,,,0.6,16,0.7,483,0,0
1/4/19,ERX,19.5,,,0.65,138,0.85,175,0,0
1/4/19,ERX,20,,,0.8,20,0.95,512,0,0
1/4/19,ERX,20.5,,,0.9,270,1.15,539,0,0
1/4/19,ERX,21,1.2,,1.05,283,1.25,515,0,30
1/4/19,ERX,21.5,2.4,,1.25,10,1.4,551,0,2
1/4/19,ERX,22,1.6,-0.08,1.4,277,1.6,418,1,2
1/4/19,ERX,22.5,,,1.6,132,1.8,472,0,0
1/4/19,ERX,23,,,1.8,496,2,391,0,0
1/4/19,ERX,23.5,,,2.05,20,2.25,384,0,0
1/11/19,ERX,16,,,0.25,30,0.35,20,0,0
1/11/19,ERX,16.5,,,0.3,30,0.45,38,0,0
1/11/19,ERX,17,,,0.35,30,0.5,28,0,0
1/11/19,ERX,17.5,,,0.45,22,0.6,42,0,0
1/11/19,ERX,18,,,0.5,37,0.65,22,0,0
1/11/19,ERX,18.5,,,0.6,22,0.75,43,0,0
1/11/19,ERX,19,,,0.7,22,0.85,46,0,0
1/11/19,ERX,19.5,,,0.8,14,0.95,30,0,0
1/11/19,ERX,20,,,0.75,58,1.1,40,0,0
1/11/19,ERX,20.5,,,0.9,36,1.2,11,0,0
1/11/19,ERX,21,,,1.2,20,1.4,47,0,0
1/11/19,ERX,21.5,,,1.4,14,1.55,30,0,0
1/11/19,ERX,22,,,1.55,21,1.75,44,0,0
1/11/19,ERX,22.5,,,1.7,33,1.95,39,0,0
1/11/19,ERX,23,,,1.9,30,2.2,42,0,0
1/11/19,ERX,23.5,,,2.25,10,2.45,48,0,0
1/18/19,ERX,15,0.31,,0.2,649,0.45,1399,0,726
1/18/19,ERX,20,1.13,0.08,1.05,38,1.25,459,8,1567
1/18/19,ERX,22,2.01,,1.7,533,1.9,46,0,119
1/18/19,ERX,23,2.23,0.18,2.15,258,2.4,523,2,51
2/15/19,ERX,13,0.55,,0.25,22,0.35,788,0,55
2/15/19,ERX,14,,,0.35,284,0.45,866,0,0
2/15/19,ERX,15,,,0.45,1163,0.55,681,0,0
2/15/19,ERX,16,0.87,,0.6,1285,0.7,607,0,1
2/15/19,ERX,17,1,,0.75,36,0.9,650,0,59
2/15/19,ERX,18,1.1,-0.6,0.95,710,1.1,624,3,154
2/15/19,ERX,19,1.68,,1.2,445,1.35,25,0,122
2/15/19,ERX,20,1.75,-0.18,1.5,1182,1.65,30,3,35
2/15/19,ERX,21,2.5,,1.8,269,2,30,0,21
2/15/19,ERX,22,3.47,,2.25,20,2.4,30,0,2
2/15/19,ERX,23,2.8,,2.65,218,2.85,23,0,7
4/18/19,ERX,15,1.2,,0.8,57,1.05,23,0,100
4/18/19,ERX,18,2.05,,1.6,21,2,146,0,107
4/18/19,ERX,19,2.18,0.13,1.9,478,2.1,30,1,24
4/18/19,ERX,20,2.4,,2.25,21,2.65,44,0,135
4/18/19,ERX,21,3.4,,2.65,28,2.85,30,0,125
4/18/19,ERX,22,3.8,,3.1,20,3.3,36,0,13
4/18/19,ERX,23,4.24,,3.5,762,3.8,30,0,87
12/21/18,SOXL,45,0.35,,,0,0.1,2,0,44
12/21/18,SOXL,50,0.05,-0.05,,0,0.6,3,2,251
12/21/18,SOXL,55,0.2,0.09,0.1,30,0.25,2,3,301
12/21/18,SOXL,56,,,,0,0.75,35,0,
12/21/18,SOXL,57,,,,0,0.75,45,0,
12/21/18,SOXL,58,,,,0,1.75,280,0,
12/21/18,SOXL,59,,,,0,0.75,35,0,
12/21/18,SOXL,60,0.25,,0.05,51,0.75,35,0,277
12/21/18,SOXL,61,,,,0,0.75,35,0,
12/21/18,SOXL,62,,,,0,0.75,35,0,
12/21/18,SOXL,63,,,,0,1.25,101,0,
12/21/18,SOXL,64,,,,0,3.2,328,0,
12/21/18,SOXL,65,0.46,,0.35,2,1.1,34,0,443
12/21/18,SOXL,66,,,0.15,108,1.4,100,0,
12/21/18,SOXL,67,,,0.2,409,2.05,305,0,
12/21/18,SOXL,68,,,0.4,25,1.5,79,0,
12/21/18,SOXL,69,,,0.5,21,0.85,39,0,
12/21/18,SOXL,70,0.68,,0.5,21,0.75,31,0,71
12/21/18,SOXL,71,,,0.6,21,0.8,31,0,
12/21/18,SOXL,72,,,0.65,21,0.85,31,0,
12/21/18,SOXL,73,,,0.75,21,0.95,31,0,
12/21/18,SOXL,74,,,0.8,21,1,31,0,
12/21/18,SOXL,75,0.95,-0.18,0.9,21,1.1,31,1,144
12/21/18,SOXL,76,,,1,25,1.25,31,0,
12/21/18,SOXL,77,,,1.1,21,1.3,31,0,
12/21/18,SOXL,78,,,1.2,41,1.4,31,0,
12/21/18,SOXL,79,,,1.3,30,1.55,31,0,
12/21/18,SOXL,80,1.6,-0.13,1.35,29,1.7,34,23,131
12/21/18,SOXL,81,,,1.45,33,1.85,34,0,
12/21/18,SOXL,82,,,1.7,25,2,34,0,
12/21/18,SOXL,83,,,1.85,21,2.1,34,0,
12/21/18,SOXL,84,,,2,21,2.3,31,0,
12/21/18,SOXL,85,3,0.4,2.15,21,2.6,32,8,114
12/21/18,SOXL,86,,,2.2,21,2.75,34,0,
12/21/18,SOXL,87,,,2.4,21,3,31,0,
12/21/18,SOXL,88,,,2.7,21,3,31,0,
12/21/18,SOXL,89,,,2.75,31,3.3,34,0,
12/21/18,SOXL,90,4.2,0.5,2.95,32,3.6,34,10,227
12/21/18,SOXL,91,,,3.3,21,4,31,0,
12/21/18,SOXL,92,,,3.6,21,4.3,36,0,
12/21/18,SOXL,93,,,3.7,32,4.4,31,0,
12/21/18,SOXL,94,,,4.1,21,4.8,42,0,
12/21/18,SOXL,95,5.07,-0.63,4.3,21,5.2,84,8,71
12/21/18,SOXL,96,,,4.6,21,5.3,34,0,
12/21/18,SOXL,97,,,5,21,5.8,48,0,
12/21/18,SOXL,98,,,5.3,21,6.2,51,0,
12/21/18,SOXL,99,,,5.6,22,6.6,92,0,
12/21/18,SOXL,100,6.63,-0.17,6,16,6.9,78,14,162
12/21/18,SOXL,101,,,6.4,16,7.3,61,0,
12/21/18,SOXL,102,,,6.7,23,7.9,237,0,
12/21/18,SOXL,103,,,7.2,10,8.2,22,0,
12/21/18,SOXL,104,,,7.4,33,8.6,35,0,
12/21/18,SOXL,105,13.12,,8,25,9.2,120,0,77
12/21/18,SOXL,106,,,8.5,11,9.6,234,0,
1/18/19,SOXL,45,0.6,,,0,1.1,20,0,56
1/18/19,SOXL,50,0.83,,0.1,241,0.85,20,0,14
1/18/19,SOXL,55,1.03,,0.35,181,1.1,20,0,14
1/18/19,SOXL,60,1.1,,0.65,33,1.9,32,0,8
1/18/19,SOXL,65,1.93,,1.15,13,2.25,20,0,7
1/18/19,SOXL,70,3.5,,1.5,31,2.15,20,0,7
1/18/19,SOXL,75,3.22,,2.45,13,3.2,30,0,11
1/18/19,SOXL,80,4.2,,3.1,22,4.4,20,0,14
1/18/19,SOXL,85,8.95,,4.2,15,5.1,20,0,19
1/18/19,SOXL,86,,,4.4,16,5.5,20,0,0
1/18/19,SOXL,87,,,4.6,20,5.8,21,0,0
1/18/19,SOXL,88,,,4.9,16,5.7,20,0,0
1/18/19,SOXL,89,5.9,,5.4,16,5.9,1,6,0
1/18/19,SOXL,90,6.79,,5.7,13,6.5,20,0,28
1/18/19,SOXL,91,,,5.7,20,7.2,45,0,0
1/18/19,SOXL,92,,,6.3,15,7.5,42,0,0
1/18/19,SOXL,93,15.6,,6.6,16,7.4,27,0,2
1/18/19,SOXL,94,,,6.9,15,8,20,0,0
1/18/19,SOXL,95,8.6,,7.2,15,8,20,0,18
1/18/19,SOXL,96,,,7.6,16,8.6,32,0,0
1/18/19,SOXL,97,18.5,,7.9,15,9,24,0,15
1/18/19,SOXL,98,9.17,,8.3,15,9.4,20,0,31
1/18/19,SOXL,99,,,8.7,15,9.7,20,0,0
1/18/19,SOXL,100,9.91,-2.89,9.1,13,10.2,20,10,33
1/18/19,SOXL,101,15.69,,9.5,15,10.7,57,0,10
1/18/19,SOXL,102,,,9.9,15,11.1,45,0,0
1/18/19,SOXL,103,15.24,,10.3,15,11.7,55,0,4
1/18/19,SOXL,104,22.15,,10.8,15,12.2,77,0,6
1/18/19,SOXL,105,12.8,-4.31,11.2,15,12.3,20,2,4
1/18/19,SOXL,106,,,11.7,15,13.1,70,0,0
2/15/19,SOXL,50,1.8,,0.05,25,5,127,0,8
2/15/19,SOXL,55,2.45,,1.15,87,1.75,20,0,6
2/15/19,SOXL,60,4,,1.65,159,2.1,11,0,237
2/15/19,SOXL,65,6.18,,2.25,16,2.9,20,0,4
2/15/19,SOXL,70,6.7,,3.1,12,3.7,20,0,10
2/15/19,SOXL,75,6.4,,4.1,12,5.1,28,0,207
2/15/19,SOXL,80,8.5,,5.2,16,6.1,26,0,51
2/15/19,SOXL,85,8.5,,6.6,16,7.9,31,0,387
2/15/19,SOXL,90,9.93,,8.1,10,9.6,31,0,55
2/15/19,SOXL,91,,,8.5,17,10,38,0,0
2/15/19,SOXL,92,,,8.8,16,10,20,0,0
2/15/19,SOXL,93,,,9.1,15,10.5,20,0,0
2/15/19,SOXL,94,,,9.5,13,10.5,20,0,0
2/15/19,SOXL,95,15.36,,9.9,13,11.2,20,0,49
2/15/19,SOXL,96,,,10.3,10,11.7,22,0,0
2/15/19,SOXL,97,,,10.7,15,12,20,0,0
2/15/19,SOXL,98,,,11.1,15,12.4,20,0,0
2/15/19,SOXL,99,,,11.5,10,12.9,20,0,0
2/15/19,SOXL,100,12.71,-1.83,12,12,13,20,20,101
2/15/19,SOXL,101,,,12.3,15,14,62,0,0
2/15/19,SOXL,102,,,12.9,14,14,20,0,0
2/15/19,SOXL,103,,,13.2,15,14.7,20,0,0
2/15/19,SOXL,104,,,13.7,13,15.4,37,0,0
2/15/19,SOXL,105,20.4,,14.2,13,15.4,20,0,53
2/15/19,SOXL,106,,,14.6,15,16.1,20,0,0
5/17/19,SOXL,50,3.27,,2.5,17,4.2,21,0,1
5/17/19,SOXL,55,6.3,,3.5,30,4.8,25,0,4
5/17/19,SOXL,60,6,,4.1,25,6,20,0,22
5/17/19,SOXL,65,11.43,,5.4,17,7.3,20,0,19
5/17/19,SOXL,70,8.01,,6.7,16,7.8,16,0,20
5/17/19,SOXL,75,11,,8.1,13,9.8,20,0,16
5/17/19,SOXL,80,18,,9.7,16,11.4,29,0,5
5/17/19,SOXL,85,16.17,,11.4,13,13.4,20,0,42
5/17/19,SOXL,90,18.45,,13.9,10,14.6,11,0,7
5/17/19,SOXL,95,21.9,,15.6,16,16.9,16,0,7
5/17/19,SOXL,100,16.45,,18,13,20.1,28,0,20
5/17/19,SOXL,105,27.1,,20.5,16,22.5,30,0,48
12/21/18,USD,25,,,,0,0.7,207,0,0
12/21/18,USD,26,0.4,,0.1,14,0.6,238,0,8
12/21/18,USD,27,,,0.1,32,0.35,21,0,0
12/21/18,USD,28,,,0.2,14,0.5,22,0,0
12/21/18,USD,29,0.85,,0.3,14,0.9,159,0,1
12/21/18,USD,30,0.85,,0.45,22,1.1,163,0,16
12/21/18,USD,31,,,0.65,26,1.35,121,0,0
12/21/18,USD,32,2,,0.7,58,1.85,160,0,5
12/21/18,USD,33,,,1.25,10,2.25,129,0,0
12/21/18,USD,34,,,1.55,20,2.7,112,0,0
1/18/19,USD,20,0.25,,,0,1.1,110,0,2
1/18/19,USD,21,,,,0,1.15,64,0,0
1/18/19,USD,22,,,0.05,18,1.2,249,0,0
1/18/19,USD,23,,,,0,2.15,53,0,0
1/18/19,USD,24,,,0.1,32,2.1,193,0,0
1/18/19,USD,25,1.85,,0.2,26,1.15,94,0,20
1/18/19,USD,26,,,0.2,163,1.2,175,0,0
1/18/19,USD,27,,,0.35,136,1.05,149,0,0
1/18/19,USD,28,,,0.45,137,1.3,164,0,0
1/18/19,USD,29,,,0.65,79,1.55,142,0,0
1/18/19,USD,30,3.1,,0.9,31,2,75,0,10
1/18/19,USD,31,3.5,,1.25,27,2.35,80,0,10
1/18/19,USD,32,,,1.5,29,2.7,161,0,0
1/18/19,USD,33,,,1.85,20,3,147,0,0
1/18/19,USD,34,,,2.25,16,3.4,158,0,0
2/15/19,USD,20,0.8,,0.05,21,2.2,118,0,1
2/15/19,USD,24,,,0.35,131,1,118,0,0
2/15/19,USD,25,0.5,,0.4,20,1.35,26,0,70
2/15/19,USD,26,1.55,,0.5,65,1.35,120,0,2
2/15/19,USD,27,,,0.65,113,1.55,98,0,0
2/15/19,USD,28,,,0.85,120,2.1,108,0,0
2/15/19,USD,29,,,1.1,108,2.1,126,0,0
2/15/19,USD,30,3,,1.45,20,2.35,52,0,14
2/15/19,USD,31,,,1.7,59,2.95,143,0,0
2/15/19,USD,32,,,2.05,22,3.1,141,0,0
2/15/19,USD,33,,,2.5,20,3.6,140,0,0
2/15/19,USD,34,,,2.85,15,3.6,43,0,0
5/17/19,USD,20,0.95,,0.25,118,2.2,39,0,1
5/17/19,USD,25,2,,0.85,107,2.65,67,0,3
5/17/19,USD,30,4.2,,1.95,186,4.3,171,0,7
5/17/19,USD,31,3.11,,2.4,91,4.6,91,0,8
5/17/19,USD,32,5.2,,1.65,76,6.1,66,0,6
5/17/19,USD,33,4.6,,3.2,97,5.1,64,0,20
5/17/19,USD,34,5.5,,3.8,34,6,76,0,4